CategoryID	CategoryName	Name	Value	MinValues	MaxValues	SelectionMode	VariationSpecifics	ParentName	ParentValue
16231	Musical Instruments > Wind & Woodwind > Band & Orchestral > Saxophones	Brand	Unbranded	1	1	FreeText	Disabled	
16231	Musical Instruments > Wind & Woodwind > Band & Orchestral > Saxophones	Brand	Adler	1	1	FreeText	Disabled	
16231	Musical Instruments > Wind & Woodwind > Band & Orchestral > Saxophones	Brand	Alexander	1	1	FreeText	Disabled	
16231	Musical Instruments > Wind & Woodwind > Band & Orchestral > Saxophones	Brand	Altus	1	1	FreeText	Disabled	
16231	Musical Instruments > Wind & Woodwind > Band & Orchestral > Saxophones	Brand	Amati	1	1	FreeText	Disabled	
16231	Musical Instruments > Wind & Woodwind > Band & Orchestral > Saxophones	Brand	Armstrong	1	1	FreeText	Disabled	
16231	Musical Instruments > Wind & Woodwind > Band & Orchestral > Saxophones	Brand	Aulos	1	1	FreeText	Disabled	
16231	Musical Instruments > Wind & Woodwind > Band & Orchestral > Saxophones	Brand	B&S	1	1	FreeText	Disabled	
16231	Musical Instruments > Wind & Woodwind > Band & Orchestral > Saxophones	Brand	Bagpipes Of Caledonia	1	1	FreeText	Disabled	
16231	Musical Instruments > Wind & Woodwind > Band & Orchestral > Saxophones	Brand	Berg Larsen	1	1	FreeText	Disabled	
16231	Musical Instruments > Wind & Woodwind > Band & Orchestral > Saxophones	Brand	Blackwood	1	1	FreeText	Disabled	
16231	Musical Instruments > Wind & Woodwind > Band & Orchestral > Saxophones	Brand	Boosey & Co	1	1	FreeText	Disabled	
16231	Musical Instruments > Wind & Woodwind > Band & Orchestral > Saxophones	Brand	Buescher	1	1	FreeText	Disabled	
16231	Musical Instruments > Wind & Woodwind > Band & Orchestral > Saxophones	Brand	Buffet	1	1	FreeText	Disabled	
16231	Musical Instruments > Wind & Woodwind > Band & Orchestral > Saxophones	Brand	Buffet Crampon	1	1	FreeText	Disabled	
16231	Musical Instruments > Wind & Woodwind > Band & Orchestral > Saxophones	Brand	Bundy	1	1	FreeText	Disabled	
16231	Musical Instruments > Wind & Woodwind > Band & Orchestral > Saxophones	Brand	C.A. SEYDEL SÖHNE	1	1	FreeText	Disabled	
16231	Musical Instruments > Wind & Woodwind > Band & Orchestral > Saxophones	Brand	C.G. Conn	1	1	FreeText	Disabled	
16231	Musical Instruments > Wind & Woodwind > Band & Orchestral > Saxophones	Brand	Cambridge	1	1	FreeText	Disabled	
16231	Musical Instruments > Wind & Woodwind > Band & Orchestral > Saxophones	Brand	Cannonball	1	1	FreeText	Disabled	
16231	Musical Instruments > Wind & Woodwind > Band & Orchestral > Saxophones	Brand	Conn	1	1	FreeText	Disabled	
16231	Musical Instruments > Wind & Woodwind > Band & Orchestral > Saxophones	Brand	Dimavery	1	1	FreeText	Disabled	
16231	Musical Instruments > Wind & Woodwind > Band & Orchestral > Saxophones	Brand	Dolmetsch	1	1	FreeText	Disabled	
16231	Musical Instruments > Wind & Woodwind > Band & Orchestral > Saxophones	Brand	Dolnet	1	1	FreeText	Disabled	
16231	Musical Instruments > Wind & Woodwind > Band & Orchestral > Saxophones	Brand	Dunbar	1	1	FreeText	Disabled	
16231	Musical Instruments > Wind & Woodwind > Band & Orchestral > Saxophones	Brand	E.f Durand	1	1	FreeText	Disabled	
16231	Musical Instruments > Wind & Woodwind > Band & Orchestral > Saxophones	Brand	Earlham	1	1	FreeText	Disabled	
16231	Musical Instruments > Wind & Woodwind > Band & Orchestral > Saxophones	Brand	ELKHART	1	1	FreeText	Disabled	
16231	Musical Instruments > Wind & Woodwind > Band & Orchestral > Saxophones	Brand	Emerson	1	1	FreeText	Disabled	
16231	Musical Instruments > Wind & Woodwind > Band & Orchestral > Saxophones	Brand	Evette	1	1	FreeText	Disabled	
16231	Musical Instruments > Wind & Woodwind > Band & Orchestral > Saxophones	Brand	F. Schmidt	1	1	FreeText	Disabled	
16231	Musical Instruments > Wind & Woodwind > Band & Orchestral > Saxophones	Brand	First Act	1	1	FreeText	Disabled	
16231	Musical Instruments > Wind & Woodwind > Band & Orchestral > Saxophones	Brand	Fox	1	1	FreeText	Disabled	
16231	Musical Instruments > Wind & Woodwind > Band & Orchestral > Saxophones	Brand	Fox Bassoons	1	1	FreeText	Disabled	
16231	Musical Instruments > Wind & Woodwind > Band & Orchestral > Saxophones	Brand	Gemeinhardt	1	1	FreeText	Disabled	
16231	Musical Instruments > Wind & Woodwind > Band & Orchestral > Saxophones	Brand	Getzen	1	1	FreeText	Disabled	
16231	Musical Instruments > Wind & Woodwind > Band & Orchestral > Saxophones	Brand	Gill Athletics	1	1	FreeText	Disabled	
16231	Musical Instruments > Wind & Woodwind > Band & Orchestral > Saxophones	Brand	Hercules	1	1	FreeText	Disabled	
16231	Musical Instruments > Wind & Woodwind > Band & Orchestral > Saxophones	Brand	HOHNER	1	1	FreeText	Disabled	
16231	Musical Instruments > Wind & Woodwind > Band & Orchestral > Saxophones	Brand	Holton	1	1	FreeText	Disabled	
16231	Musical Instruments > Wind & Woodwind > Band & Orchestral > Saxophones	Brand	Howarth	1	1	FreeText	Disabled	
16231	Musical Instruments > Wind & Woodwind > Band & Orchestral > Saxophones	Brand	JHS	1	1	FreeText	Disabled	
16231	Musical Instruments > Wind & Woodwind > Band & Orchestral > Saxophones	Brand	Johannes Adler	1	1	FreeText	Disabled	
16231	Musical Instruments > Wind & Woodwind > Band & Orchestral > Saxophones	Brand	Jupiter	1	1	FreeText	Disabled	
16231	Musical Instruments > Wind & Woodwind > Band & Orchestral > Saxophones	Brand	Keilwerth	1	1	FreeText	Disabled	
16231	Musical Instruments > Wind & Woodwind > Band & Orchestral > Saxophones	Brand	KEIPER	1	1	FreeText	Disabled	
16231	Musical Instruments > Wind & Woodwind > Band & Orchestral > Saxophones	Brand	Kilberry	1	1	FreeText	Disabled	
16231	Musical Instruments > Wind & Woodwind > Band & Orchestral > Saxophones	Brand	King	1	1	FreeText	Disabled	
16231	Musical Instruments > Wind & Woodwind > Band & Orchestral > Saxophones	Brand	Kingsley	1	1	FreeText	Disabled	
16231	Musical Instruments > Wind & Woodwind > Band & Orchestral > Saxophones	Brand	Kohlert	1	1	FreeText	Disabled	
16231	Musical Instruments > Wind & Woodwind > Band & Orchestral > Saxophones	Brand	Larilee	1	1	FreeText	Disabled	
16231	Musical Instruments > Wind & Woodwind > Band & Orchestral > Saxophones	Brand	Le Blanc	1	1	FreeText	Disabled	
16231	Musical Instruments > Wind & Woodwind > Band & Orchestral > Saxophones	Brand	Légère Reeds	1	1	FreeText	Disabled	
16231	Musical Instruments > Wind & Woodwind > Band & Orchestral > Saxophones	Brand	LMI	1	1	FreeText	Disabled	
16231	Musical Instruments > Wind & Woodwind > Band & Orchestral > Saxophones	Brand	Lyons	1	1	FreeText	Disabled	
16231	Musical Instruments > Wind & Woodwind > Band & Orchestral > Saxophones	Brand	Martin	1	1	FreeText	Disabled	
16231	Musical Instruments > Wind & Woodwind > Band & Orchestral > Saxophones	Brand	McCallum	1	1	FreeText	Disabled	
16231	Musical Instruments > Wind & Woodwind > Band & Orchestral > Saxophones	Brand	Moeck	1	1	FreeText	Disabled	
16231	Musical Instruments > Wind & Woodwind > Band & Orchestral > Saxophones	Brand	Mollenhauer	1	1	FreeText	Disabled	
16231	Musical Instruments > Wind & Woodwind > Band & Orchestral > Saxophones	Brand	Odyssey	1	1	FreeText	Disabled	
16231	Musical Instruments > Wind & Woodwind > Band & Orchestral > Saxophones	Brand	Otto Link	1	1	FreeText	Disabled	
16231	Musical Instruments > Wind & Woodwind > Band & Orchestral > Saxophones	Brand	Patricola	1	1	FreeText	Disabled	
16231	Musical Instruments > Wind & Woodwind > Band & Orchestral > Saxophones	Brand	Pearl	1	1	FreeText	Disabled	
16231	Musical Instruments > Wind & Woodwind > Band & Orchestral > Saxophones	Brand	Peripole	1	1	FreeText	Disabled	
16231	Musical Instruments > Wind & Woodwind > Band & Orchestral > Saxophones	Brand	Pettigrew	1	1	FreeText	Disabled	
16231	Musical Instruments > Wind & Woodwind > Band & Orchestral > Saxophones	Brand	Rico	1	1	FreeText	Disabled	
16231	Musical Instruments > Wind & Woodwind > Band & Orchestral > Saxophones	Brand	Roosebeck	1	1	FreeText	Disabled	
16231	Musical Instruments > Wind & Woodwind > Band & Orchestral > Saxophones	Brand	Rosewood	1	1	FreeText	Disabled	
16231	Musical Instruments > Wind & Woodwind > Band & Orchestral > Saxophones	Brand	Royal Stewart	1	1	FreeText	Disabled	
16231	Musical Instruments > Wind & Woodwind > Band & Orchestral > Saxophones	Brand	SCHOTT	1	1	FreeText	Disabled	
16231	Musical Instruments > Wind & Woodwind > Band & Orchestral > Saxophones	Brand	Schreiber	1	1	FreeText	Disabled	
16231	Musical Instruments > Wind & Woodwind > Band & Orchestral > Saxophones	Brand	Selmer	1	1	FreeText	Disabled	
16231	Musical Instruments > Wind & Woodwind > Band & Orchestral > Saxophones	Brand	Stephanhouser	1	1	FreeText	Disabled	
16231	Musical Instruments > Wind & Woodwind > Band & Orchestral > Saxophones	Brand	Suzuki	1	1	FreeText	Disabled	
16231	Musical Instruments > Wind & Woodwind > Band & Orchestral > Saxophones	Brand	Taishan	1	1	FreeText	Disabled	
16231	Musical Instruments > Wind & Woodwind > Band & Orchestral > Saxophones	Brand	The Music Group	1	1	FreeText	Disabled	
16231	Musical Instruments > Wind & Woodwind > Band & Orchestral > Saxophones	Brand	Thomann	1	1	FreeText	Disabled	
16231	Musical Instruments > Wind & Woodwind > Band & Orchestral > Saxophones	Brand	Trevor James	1	1	FreeText	Disabled	
16231	Musical Instruments > Wind & Woodwind > Band & Orchestral > Saxophones	Brand	Trophy	1	1	FreeText	Disabled	
16231	Musical Instruments > Wind & Woodwind > Band & Orchestral > Saxophones	Brand	TUDOR	1	1	FreeText	Disabled	
16231	Musical Instruments > Wind & Woodwind > Band & Orchestral > Saxophones	Brand	Vandoren	1	1	FreeText	Disabled	
16231	Musical Instruments > Wind & Woodwind > Band & Orchestral > Saxophones	Brand	Venus	1	1	FreeText	Disabled	
16231	Musical Instruments > Wind & Woodwind > Band & Orchestral > Saxophones	Brand	Verne	1	1	FreeText	Disabled	
16231	Musical Instruments > Wind & Woodwind > Band & Orchestral > Saxophones	Brand	vidaXL	1	1	FreeText	Disabled	
16231	Musical Instruments > Wind & Woodwind > Band & Orchestral > Saxophones	Brand	Ward & Winterbourn	1	1	FreeText	Disabled	
16231	Musical Instruments > Wind & Woodwind > Band & Orchestral > Saxophones	Brand	Wurlitzer	1	1	FreeText	Disabled	
16231	Musical Instruments > Wind & Woodwind > Band & Orchestral > Saxophones	Brand	Yamaha	1	1	FreeText	Disabled	
16231	Musical Instruments > Wind & Woodwind > Band & Orchestral > Saxophones	Brand	Yanagisawa	1	1	FreeText	Disabled	
16231	Musical Instruments > Wind & Woodwind > Band & Orchestral > Saxophones	MPN	Does Not Apply	1	1	FreeText		
16231	Musical Instruments > Wind & Woodwind > Band & Orchestral > Saxophones	Type	Alto	0	1	FreeText		
16231	Musical Instruments > Wind & Woodwind > Band & Orchestral > Saxophones	Type	Baritone/Bass	0	1	FreeText		
16231	Musical Instruments > Wind & Woodwind > Band & Orchestral > Saxophones	Type	Soprano	0	1	FreeText		
16231	Musical Instruments > Wind & Woodwind > Band & Orchestral > Saxophones	Type	Tenor	0	1	FreeText		
16231	Musical Instruments > Wind & Woodwind > Band & Orchestral > Saxophones	Skill Level	Beginner	0	1	FreeText		
16231	Musical Instruments > Wind & Woodwind > Band & Orchestral > Saxophones	Skill Level	Intermediate	0	1	FreeText		
16231	Musical Instruments > Wind & Woodwind > Band & Orchestral > Saxophones	Skill Level	Professional	0	1	FreeText		
16231	Musical Instruments > Wind & Woodwind > Band & Orchestral > Saxophones	Skill Level	Children	0	1	FreeText		
16231	Musical Instruments > Wind & Woodwind > Band & Orchestral > Saxophones	Body Finish	Amber Lacquer	0	1	FreeText		
16231	Musical Instruments > Wind & Woodwind > Band & Orchestral > Saxophones	Body Finish	Black Lacquer	0	1	FreeText		
16231	Musical Instruments > Wind & Woodwind > Band & Orchestral > Saxophones	Body Finish	Black Nickel-Plated	0	1	FreeText		
16231	Musical Instruments > Wind & Woodwind > Band & Orchestral > Saxophones	Body Finish	Blue Lacquer	0	1	FreeText		
16231	Musical Instruments > Wind & Woodwind > Band & Orchestral > Saxophones	Body Finish	Brass Lacquer	0	1	FreeText		
16231	Musical Instruments > Wind & Woodwind > Band & Orchestral > Saxophones	Body Finish	Clear Lacquer	0	1	FreeText		
16231	Musical Instruments > Wind & Woodwind > Band & Orchestral > Saxophones	Body Finish	Gold Lacquer	0	1	FreeText		
16231	Musical Instruments > Wind & Woodwind > Band & Orchestral > Saxophones	Body Finish	Gold-Plated	0	1	FreeText		
16231	Musical Instruments > Wind & Woodwind > Band & Orchestral > Saxophones	Body Finish	Matt Lacquer	0	1	FreeText		
16231	Musical Instruments > Wind & Woodwind > Band & Orchestral > Saxophones	Body Finish	Nickel-Plated	0	1	FreeText		
16231	Musical Instruments > Wind & Woodwind > Band & Orchestral > Saxophones	Body Finish	Nickel Silver	0	1	FreeText		
16231	Musical Instruments > Wind & Woodwind > Band & Orchestral > Saxophones	Body Finish	Red Lacquer	0	1	FreeText		
16231	Musical Instruments > Wind & Woodwind > Band & Orchestral > Saxophones	Body Finish	Silver	0	1	FreeText		
16231	Musical Instruments > Wind & Woodwind > Band & Orchestral > Saxophones	Body Finish	Silver-Plated	0	1	FreeText		
16231	Musical Instruments > Wind & Woodwind > Band & Orchestral > Saxophones	Body Material	Brass	0	1	FreeText		
16231	Musical Instruments > Wind & Woodwind > Band & Orchestral > Saxophones	Body Material	Copper	0	1	FreeText		
16231	Musical Instruments > Wind & Woodwind > Band & Orchestral > Saxophones	Body Material	Nickel Silber	0	1	FreeText		
16231	Musical Instruments > Wind & Woodwind > Band & Orchestral > Saxophones	Body Material	Red Brass	0	1	FreeText		
16231	Musical Instruments > Wind & Woodwind > Band & Orchestral > Saxophones	Body Material	Silver-Plated	0	1	FreeText		
16231	Musical Instruments > Wind & Woodwind > Band & Orchestral > Saxophones	Body Material	Yellow Brass	0	1	FreeText		
16231	Musical Instruments > Wind & Woodwind > Band & Orchestral > Saxophones	Key Finish	Brass	0	1	FreeText		
16231	Musical Instruments > Wind & Woodwind > Band & Orchestral > Saxophones	Key Finish	Gold Lacquered	0	1	FreeText		
16231	Musical Instruments > Wind & Woodwind > Band & Orchestral > Saxophones	Key Finish	Silver-Plated	0	1	FreeText		
16231	Musical Instruments > Wind & Woodwind > Band & Orchestral > Saxophones	Key Finish	Unlacquered	0	1	FreeText		
16231	Musical Instruments > Wind & Woodwind > Band & Orchestral > Saxophones	Custom Bundle	No	0	1	SelectionOnly	Disabled	
16231	Musical Instruments > Wind & Woodwind > Band & Orchestral > Saxophones	Custom Bundle	Yes	0	1	SelectionOnly	Disabled	
16231	Musical Instruments > Wind & Woodwind > Band & Orchestral > Saxophones	Bundle Description	N/A	0	1	FreeText	Disabled		Custom Bundle		
16231	Musical Instruments > Wind & Woodwind > Band & Orchestral > Saxophones	Modified Item	No	0	1	SelectionOnly	Disabled	
16231	Musical Instruments > Wind & Woodwind > Band & Orchestral > Saxophones	Modified Item	Yes	0	1	SelectionOnly	Disabled	
16231	Musical Instruments > Wind & Woodwind > Band & Orchestral > Saxophones	Modification Description	N/A	0	1	FreeText	Disabled		Modified Item		
16231	Musical Instruments > Wind & Woodwind > Band & Orchestral > Saxophones	Country/Region of Manufacture	Unknown	0	1	SelectionOnly	Disabled	
16231	Musical Instruments > Wind & Woodwind > Band & Orchestral > Saxophones	Country/Region of Manufacture	Afghanistan	0	1	SelectionOnly	Disabled	
16231	Musical Instruments > Wind & Woodwind > Band & Orchestral > Saxophones	Country/Region of Manufacture	Albania	0	1	SelectionOnly	Disabled	
16231	Musical Instruments > Wind & Woodwind > Band & Orchestral > Saxophones	Country/Region of Manufacture	Algeria	0	1	SelectionOnly	Disabled	
16231	Musical Instruments > Wind & Woodwind > Band & Orchestral > Saxophones	Country/Region of Manufacture	American Samoa	0	1	SelectionOnly	Disabled	
16231	Musical Instruments > Wind & Woodwind > Band & Orchestral > Saxophones	Country/Region of Manufacture	Andorra	0	1	SelectionOnly	Disabled	
16231	Musical Instruments > Wind & Woodwind > Band & Orchestral > Saxophones	Country/Region of Manufacture	Angola	0	1	SelectionOnly	Disabled	
16231	Musical Instruments > Wind & Woodwind > Band & Orchestral > Saxophones	Country/Region of Manufacture	Anguilla	0	1	SelectionOnly	Disabled	
16231	Musical Instruments > Wind & Woodwind > Band & Orchestral > Saxophones	Country/Region of Manufacture	Antigua and Barbuda	0	1	SelectionOnly	Disabled	
16231	Musical Instruments > Wind & Woodwind > Band & Orchestral > Saxophones	Country/Region of Manufacture	Argentina	0	1	SelectionOnly	Disabled	
16231	Musical Instruments > Wind & Woodwind > Band & Orchestral > Saxophones	Country/Region of Manufacture	Armenia	0	1	SelectionOnly	Disabled	
16231	Musical Instruments > Wind & Woodwind > Band & Orchestral > Saxophones	Country/Region of Manufacture	Aruba	0	1	SelectionOnly	Disabled	
16231	Musical Instruments > Wind & Woodwind > Band & Orchestral > Saxophones	Country/Region of Manufacture	Australia	0	1	SelectionOnly	Disabled	
16231	Musical Instruments > Wind & Woodwind > Band & Orchestral > Saxophones	Country/Region of Manufacture	Austria	0	1	SelectionOnly	Disabled	
16231	Musical Instruments > Wind & Woodwind > Band & Orchestral > Saxophones	Country/Region of Manufacture	Azerbaijan	0	1	SelectionOnly	Disabled	
16231	Musical Instruments > Wind & Woodwind > Band & Orchestral > Saxophones	Country/Region of Manufacture	Bahamas	0	1	SelectionOnly	Disabled	
16231	Musical Instruments > Wind & Woodwind > Band & Orchestral > Saxophones	Country/Region of Manufacture	Bahrain	0	1	SelectionOnly	Disabled	
16231	Musical Instruments > Wind & Woodwind > Band & Orchestral > Saxophones	Country/Region of Manufacture	Bangladesh	0	1	SelectionOnly	Disabled	
16231	Musical Instruments > Wind & Woodwind > Band & Orchestral > Saxophones	Country/Region of Manufacture	Barbados	0	1	SelectionOnly	Disabled	
16231	Musical Instruments > Wind & Woodwind > Band & Orchestral > Saxophones	Country/Region of Manufacture	Belarus	0	1	SelectionOnly	Disabled	
16231	Musical Instruments > Wind & Woodwind > Band & Orchestral > Saxophones	Country/Region of Manufacture	Belgium	0	1	SelectionOnly	Disabled	
16231	Musical Instruments > Wind & Woodwind > Band & Orchestral > Saxophones	Country/Region of Manufacture	Belize	0	1	SelectionOnly	Disabled	
16231	Musical Instruments > Wind & Woodwind > Band & Orchestral > Saxophones	Country/Region of Manufacture	Benin	0	1	SelectionOnly	Disabled	
16231	Musical Instruments > Wind & Woodwind > Band & Orchestral > Saxophones	Country/Region of Manufacture	Bermuda	0	1	SelectionOnly	Disabled	
16231	Musical Instruments > Wind & Woodwind > Band & Orchestral > Saxophones	Country/Region of Manufacture	Bhutan	0	1	SelectionOnly	Disabled	
16231	Musical Instruments > Wind & Woodwind > Band & Orchestral > Saxophones	Country/Region of Manufacture	Bolivia	0	1	SelectionOnly	Disabled	
16231	Musical Instruments > Wind & Woodwind > Band & Orchestral > Saxophones	Country/Region of Manufacture	Bosnia and Herzegovina	0	1	SelectionOnly	Disabled	
16231	Musical Instruments > Wind & Woodwind > Band & Orchestral > Saxophones	Country/Region of Manufacture	Botswana	0	1	SelectionOnly	Disabled	
16231	Musical Instruments > Wind & Woodwind > Band & Orchestral > Saxophones	Country/Region of Manufacture	Brazil	0	1	SelectionOnly	Disabled	
16231	Musical Instruments > Wind & Woodwind > Band & Orchestral > Saxophones	Country/Region of Manufacture	British Indian Ocean Territory	0	1	SelectionOnly	Disabled	
16231	Musical Instruments > Wind & Woodwind > Band & Orchestral > Saxophones	Country/Region of Manufacture	Brunei Darussalam	0	1	SelectionOnly	Disabled	
16231	Musical Instruments > Wind & Woodwind > Band & Orchestral > Saxophones	Country/Region of Manufacture	Bulgaria	0	1	SelectionOnly	Disabled	
16231	Musical Instruments > Wind & Woodwind > Band & Orchestral > Saxophones	Country/Region of Manufacture	Burkina Faso	0	1	SelectionOnly	Disabled	
16231	Musical Instruments > Wind & Woodwind > Band & Orchestral > Saxophones	Country/Region of Manufacture	Burundi	0	1	SelectionOnly	Disabled	
16231	Musical Instruments > Wind & Woodwind > Band & Orchestral > Saxophones	Country/Region of Manufacture	Cambodia	0	1	SelectionOnly	Disabled	
16231	Musical Instruments > Wind & Woodwind > Band & Orchestral > Saxophones	Country/Region of Manufacture	Cameroon	0	1	SelectionOnly	Disabled	
16231	Musical Instruments > Wind & Woodwind > Band & Orchestral > Saxophones	Country/Region of Manufacture	Canada	0	1	SelectionOnly	Disabled	
16231	Musical Instruments > Wind & Woodwind > Band & Orchestral > Saxophones	Country/Region of Manufacture	Cape Verde	0	1	SelectionOnly	Disabled	
16231	Musical Instruments > Wind & Woodwind > Band & Orchestral > Saxophones	Country/Region of Manufacture	Cayman Islands	0	1	SelectionOnly	Disabled	
16231	Musical Instruments > Wind & Woodwind > Band & Orchestral > Saxophones	Country/Region of Manufacture	Central African Republic	0	1	SelectionOnly	Disabled	
16231	Musical Instruments > Wind & Woodwind > Band & Orchestral > Saxophones	Country/Region of Manufacture	Chad	0	1	SelectionOnly	Disabled	
16231	Musical Instruments > Wind & Woodwind > Band & Orchestral > Saxophones	Country/Region of Manufacture	Chile	0	1	SelectionOnly	Disabled	
16231	Musical Instruments > Wind & Woodwind > Band & Orchestral > Saxophones	Country/Region of Manufacture	China	0	1	SelectionOnly	Disabled	
16231	Musical Instruments > Wind & Woodwind > Band & Orchestral > Saxophones	Country/Region of Manufacture	Christmas Island	0	1	SelectionOnly	Disabled	
16231	Musical Instruments > Wind & Woodwind > Band & Orchestral > Saxophones	Country/Region of Manufacture	Cocos (Keeling) Islands	0	1	SelectionOnly	Disabled	
16231	Musical Instruments > Wind & Woodwind > Band & Orchestral > Saxophones	Country/Region of Manufacture	Colombia	0	1	SelectionOnly	Disabled	
16231	Musical Instruments > Wind & Woodwind > Band & Orchestral > Saxophones	Country/Region of Manufacture	Comoros	0	1	SelectionOnly	Disabled	
16231	Musical Instruments > Wind & Woodwind > Band & Orchestral > Saxophones	Country/Region of Manufacture	Congo	0	1	SelectionOnly	Disabled	
16231	Musical Instruments > Wind & Woodwind > Band & Orchestral > Saxophones	Country/Region of Manufacture	Congo, The Democratic Republic of the	0	1	SelectionOnly	Disabled	
16231	Musical Instruments > Wind & Woodwind > Band & Orchestral > Saxophones	Country/Region of Manufacture	Cook Islands	0	1	SelectionOnly	Disabled	
16231	Musical Instruments > Wind & Woodwind > Band & Orchestral > Saxophones	Country/Region of Manufacture	Costa Rica	0	1	SelectionOnly	Disabled	
16231	Musical Instruments > Wind & Woodwind > Band & Orchestral > Saxophones	Country/Region of Manufacture	Côte d’Ivoire	0	1	SelectionOnly	Disabled	
16231	Musical Instruments > Wind & Woodwind > Band & Orchestral > Saxophones	Country/Region of Manufacture	Croatia	0	1	SelectionOnly	Disabled	
16231	Musical Instruments > Wind & Woodwind > Band & Orchestral > Saxophones	Country/Region of Manufacture	Cyprus	0	1	SelectionOnly	Disabled	
16231	Musical Instruments > Wind & Woodwind > Band & Orchestral > Saxophones	Country/Region of Manufacture	Czech Republic	0	1	SelectionOnly	Disabled	
16231	Musical Instruments > Wind & Woodwind > Band & Orchestral > Saxophones	Country/Region of Manufacture	Denmark	0	1	SelectionOnly	Disabled	
16231	Musical Instruments > Wind & Woodwind > Band & Orchestral > Saxophones	Country/Region of Manufacture	Djibouti	0	1	SelectionOnly	Disabled	
16231	Musical Instruments > Wind & Woodwind > Band & Orchestral > Saxophones	Country/Region of Manufacture	Dominica	0	1	SelectionOnly	Disabled	
16231	Musical Instruments > Wind & Woodwind > Band & Orchestral > Saxophones	Country/Region of Manufacture	Dominican Republic	0	1	SelectionOnly	Disabled	
16231	Musical Instruments > Wind & Woodwind > Band & Orchestral > Saxophones	Country/Region of Manufacture	Ecuador	0	1	SelectionOnly	Disabled	
16231	Musical Instruments > Wind & Woodwind > Band & Orchestral > Saxophones	Country/Region of Manufacture	Egypt	0	1	SelectionOnly	Disabled	
16231	Musical Instruments > Wind & Woodwind > Band & Orchestral > Saxophones	Country/Region of Manufacture	El Salvador	0	1	SelectionOnly	Disabled	
16231	Musical Instruments > Wind & Woodwind > Band & Orchestral > Saxophones	Country/Region of Manufacture	Equatorial Guinea	0	1	SelectionOnly	Disabled	
16231	Musical Instruments > Wind & Woodwind > Band & Orchestral > Saxophones	Country/Region of Manufacture	Eritrea	0	1	SelectionOnly	Disabled	
16231	Musical Instruments > Wind & Woodwind > Band & Orchestral > Saxophones	Country/Region of Manufacture	Estonia	0	1	SelectionOnly	Disabled	
16231	Musical Instruments > Wind & Woodwind > Band & Orchestral > Saxophones	Country/Region of Manufacture	Ethiopia	0	1	SelectionOnly	Disabled	
16231	Musical Instruments > Wind & Woodwind > Band & Orchestral > Saxophones	Country/Region of Manufacture	Falkland Islands	0	1	SelectionOnly	Disabled	
16231	Musical Instruments > Wind & Woodwind > Band & Orchestral > Saxophones	Country/Region of Manufacture	Faroe Islands	0	1	SelectionOnly	Disabled	
16231	Musical Instruments > Wind & Woodwind > Band & Orchestral > Saxophones	Country/Region of Manufacture	Fiji	0	1	SelectionOnly	Disabled	
16231	Musical Instruments > Wind & Woodwind > Band & Orchestral > Saxophones	Country/Region of Manufacture	Finland	0	1	SelectionOnly	Disabled	
16231	Musical Instruments > Wind & Woodwind > Band & Orchestral > Saxophones	Country/Region of Manufacture	France	0	1	SelectionOnly	Disabled	
16231	Musical Instruments > Wind & Woodwind > Band & Orchestral > Saxophones	Country/Region of Manufacture	French Guiana	0	1	SelectionOnly	Disabled	
16231	Musical Instruments > Wind & Woodwind > Band & Orchestral > Saxophones	Country/Region of Manufacture	French Polynesia Includes Tahiti	0	1	SelectionOnly	Disabled	
16231	Musical Instruments > Wind & Woodwind > Band & Orchestral > Saxophones	Country/Region of Manufacture	Gabon	0	1	SelectionOnly	Disabled	
16231	Musical Instruments > Wind & Woodwind > Band & Orchestral > Saxophones	Country/Region of Manufacture	Gambia	0	1	SelectionOnly	Disabled	
16231	Musical Instruments > Wind & Woodwind > Band & Orchestral > Saxophones	Country/Region of Manufacture	Georgia	0	1	SelectionOnly	Disabled	
16231	Musical Instruments > Wind & Woodwind > Band & Orchestral > Saxophones	Country/Region of Manufacture	Germany	0	1	SelectionOnly	Disabled	
16231	Musical Instruments > Wind & Woodwind > Band & Orchestral > Saxophones	Country/Region of Manufacture	Ghana	0	1	SelectionOnly	Disabled	
16231	Musical Instruments > Wind & Woodwind > Band & Orchestral > Saxophones	Country/Region of Manufacture	Gibraltar	0	1	SelectionOnly	Disabled	
16231	Musical Instruments > Wind & Woodwind > Band & Orchestral > Saxophones	Country/Region of Manufacture	Greece	0	1	SelectionOnly	Disabled	
16231	Musical Instruments > Wind & Woodwind > Band & Orchestral > Saxophones	Country/Region of Manufacture	Greenland	0	1	SelectionOnly	Disabled	
16231	Musical Instruments > Wind & Woodwind > Band & Orchestral > Saxophones	Country/Region of Manufacture	Grenada	0	1	SelectionOnly	Disabled	
16231	Musical Instruments > Wind & Woodwind > Band & Orchestral > Saxophones	Country/Region of Manufacture	Guadeloupe	0	1	SelectionOnly	Disabled	
16231	Musical Instruments > Wind & Woodwind > Band & Orchestral > Saxophones	Country/Region of Manufacture	Guam	0	1	SelectionOnly	Disabled	
16231	Musical Instruments > Wind & Woodwind > Band & Orchestral > Saxophones	Country/Region of Manufacture	Guatemala	0	1	SelectionOnly	Disabled	
16231	Musical Instruments > Wind & Woodwind > Band & Orchestral > Saxophones	Country/Region of Manufacture	Guernsey	0	1	SelectionOnly	Disabled	
16231	Musical Instruments > Wind & Woodwind > Band & Orchestral > Saxophones	Country/Region of Manufacture	Guinea	0	1	SelectionOnly	Disabled	
16231	Musical Instruments > Wind & Woodwind > Band & Orchestral > Saxophones	Country/Region of Manufacture	Guinea-Bissau	0	1	SelectionOnly	Disabled	
16231	Musical Instruments > Wind & Woodwind > Band & Orchestral > Saxophones	Country/Region of Manufacture	Guyana	0	1	SelectionOnly	Disabled	
16231	Musical Instruments > Wind & Woodwind > Band & Orchestral > Saxophones	Country/Region of Manufacture	Haiti	0	1	SelectionOnly	Disabled	
16231	Musical Instruments > Wind & Woodwind > Band & Orchestral > Saxophones	Country/Region of Manufacture	Holy See (Vatican City State)	0	1	SelectionOnly	Disabled	
16231	Musical Instruments > Wind & Woodwind > Band & Orchestral > Saxophones	Country/Region of Manufacture	Honduras	0	1	SelectionOnly	Disabled	
16231	Musical Instruments > Wind & Woodwind > Band & Orchestral > Saxophones	Country/Region of Manufacture	Hong Kong	0	1	SelectionOnly	Disabled	
16231	Musical Instruments > Wind & Woodwind > Band & Orchestral > Saxophones	Country/Region of Manufacture	Hungary	0	1	SelectionOnly	Disabled	
16231	Musical Instruments > Wind & Woodwind > Band & Orchestral > Saxophones	Country/Region of Manufacture	Iceland	0	1	SelectionOnly	Disabled	
16231	Musical Instruments > Wind & Woodwind > Band & Orchestral > Saxophones	Country/Region of Manufacture	India	0	1	SelectionOnly	Disabled	
16231	Musical Instruments > Wind & Woodwind > Band & Orchestral > Saxophones	Country/Region of Manufacture	Indonesia	0	1	SelectionOnly	Disabled	
16231	Musical Instruments > Wind & Woodwind > Band & Orchestral > Saxophones	Country/Region of Manufacture	Iraq	0	1	SelectionOnly	Disabled	
16231	Musical Instruments > Wind & Woodwind > Band & Orchestral > Saxophones	Country/Region of Manufacture	Ireland	0	1	SelectionOnly	Disabled	
16231	Musical Instruments > Wind & Woodwind > Band & Orchestral > Saxophones	Country/Region of Manufacture	Israel	0	1	SelectionOnly	Disabled	
16231	Musical Instruments > Wind & Woodwind > Band & Orchestral > Saxophones	Country/Region of Manufacture	Italy	0	1	SelectionOnly	Disabled	
16231	Musical Instruments > Wind & Woodwind > Band & Orchestral > Saxophones	Country/Region of Manufacture	Jamaica	0	1	SelectionOnly	Disabled	
16231	Musical Instruments > Wind & Woodwind > Band & Orchestral > Saxophones	Country/Region of Manufacture	Japan	0	1	SelectionOnly	Disabled	
16231	Musical Instruments > Wind & Woodwind > Band & Orchestral > Saxophones	Country/Region of Manufacture	Jersey	0	1	SelectionOnly	Disabled	
16231	Musical Instruments > Wind & Woodwind > Band & Orchestral > Saxophones	Country/Region of Manufacture	Jordan	0	1	SelectionOnly	Disabled	
16231	Musical Instruments > Wind & Woodwind > Band & Orchestral > Saxophones	Country/Region of Manufacture	Kazakhstan	0	1	SelectionOnly	Disabled	
16231	Musical Instruments > Wind & Woodwind > Band & Orchestral > Saxophones	Country/Region of Manufacture	Kenya	0	1	SelectionOnly	Disabled	
16231	Musical Instruments > Wind & Woodwind > Band & Orchestral > Saxophones	Country/Region of Manufacture	Kiribati	0	1	SelectionOnly	Disabled	
16231	Musical Instruments > Wind & Woodwind > Band & Orchestral > Saxophones	Country/Region of Manufacture	Korea, Republic of	0	1	SelectionOnly	Disabled	
16231	Musical Instruments > Wind & Woodwind > Band & Orchestral > Saxophones	Country/Region of Manufacture	Kuwait	0	1	SelectionOnly	Disabled	
16231	Musical Instruments > Wind & Woodwind > Band & Orchestral > Saxophones	Country/Region of Manufacture	Kyrgyzstan	0	1	SelectionOnly	Disabled	
16231	Musical Instruments > Wind & Woodwind > Band & Orchestral > Saxophones	Country/Region of Manufacture	Lao People's Democratic Republic	0	1	SelectionOnly	Disabled	
16231	Musical Instruments > Wind & Woodwind > Band & Orchestral > Saxophones	Country/Region of Manufacture	Latvia	0	1	SelectionOnly	Disabled	
16231	Musical Instruments > Wind & Woodwind > Band & Orchestral > Saxophones	Country/Region of Manufacture	Lebanon	0	1	SelectionOnly	Disabled	
16231	Musical Instruments > Wind & Woodwind > Band & Orchestral > Saxophones	Country/Region of Manufacture	Lesotho	0	1	SelectionOnly	Disabled	
16231	Musical Instruments > Wind & Woodwind > Band & Orchestral > Saxophones	Country/Region of Manufacture	Liberia	0	1	SelectionOnly	Disabled	
16231	Musical Instruments > Wind & Woodwind > Band & Orchestral > Saxophones	Country/Region of Manufacture	Libyan Arab Jamahiriya	0	1	SelectionOnly	Disabled	
16231	Musical Instruments > Wind & Woodwind > Band & Orchestral > Saxophones	Country/Region of Manufacture	Liechtenstein	0	1	SelectionOnly	Disabled	
16231	Musical Instruments > Wind & Woodwind > Band & Orchestral > Saxophones	Country/Region of Manufacture	Lithuania	0	1	SelectionOnly	Disabled	
16231	Musical Instruments > Wind & Woodwind > Band & Orchestral > Saxophones	Country/Region of Manufacture	Luxembourg	0	1	SelectionOnly	Disabled	
16231	Musical Instruments > Wind & Woodwind > Band & Orchestral > Saxophones	Country/Region of Manufacture	Macao	0	1	SelectionOnly	Disabled	
16231	Musical Instruments > Wind & Woodwind > Band & Orchestral > Saxophones	Country/Region of Manufacture	Macedonia, the Former Yugoslav Republic of	0	1	SelectionOnly	Disabled	
16231	Musical Instruments > Wind & Woodwind > Band & Orchestral > Saxophones	Country/Region of Manufacture	Madagascar	0	1	SelectionOnly	Disabled	
16231	Musical Instruments > Wind & Woodwind > Band & Orchestral > Saxophones	Country/Region of Manufacture	Malawi	0	1	SelectionOnly	Disabled	
16231	Musical Instruments > Wind & Woodwind > Band & Orchestral > Saxophones	Country/Region of Manufacture	Malaysia	0	1	SelectionOnly	Disabled	
16231	Musical Instruments > Wind & Woodwind > Band & Orchestral > Saxophones	Country/Region of Manufacture	Maldives	0	1	SelectionOnly	Disabled	
16231	Musical Instruments > Wind & Woodwind > Band & Orchestral > Saxophones	Country/Region of Manufacture	Mali	0	1	SelectionOnly	Disabled	
16231	Musical Instruments > Wind & Woodwind > Band & Orchestral > Saxophones	Country/Region of Manufacture	Malta	0	1	SelectionOnly	Disabled	
16231	Musical Instruments > Wind & Woodwind > Band & Orchestral > Saxophones	Country/Region of Manufacture	Marshall Islands	0	1	SelectionOnly	Disabled	
16231	Musical Instruments > Wind & Woodwind > Band & Orchestral > Saxophones	Country/Region of Manufacture	Martinique	0	1	SelectionOnly	Disabled	
16231	Musical Instruments > Wind & Woodwind > Band & Orchestral > Saxophones	Country/Region of Manufacture	Mauritania	0	1	SelectionOnly	Disabled	
16231	Musical Instruments > Wind & Woodwind > Band & Orchestral > Saxophones	Country/Region of Manufacture	Mauritius	0	1	SelectionOnly	Disabled	
16231	Musical Instruments > Wind & Woodwind > Band & Orchestral > Saxophones	Country/Region of Manufacture	Mayotte	0	1	SelectionOnly	Disabled	
16231	Musical Instruments > Wind & Woodwind > Band & Orchestral > Saxophones	Country/Region of Manufacture	Mexico	0	1	SelectionOnly	Disabled	
16231	Musical Instruments > Wind & Woodwind > Band & Orchestral > Saxophones	Country/Region of Manufacture	Micronesia, Federated States of	0	1	SelectionOnly	Disabled	
16231	Musical Instruments > Wind & Woodwind > Band & Orchestral > Saxophones	Country/Region of Manufacture	Moldova, Republic of	0	1	SelectionOnly	Disabled	
16231	Musical Instruments > Wind & Woodwind > Band & Orchestral > Saxophones	Country/Region of Manufacture	Monaco	0	1	SelectionOnly	Disabled	
16231	Musical Instruments > Wind & Woodwind > Band & Orchestral > Saxophones	Country/Region of Manufacture	Mongolia	0	1	SelectionOnly	Disabled	
16231	Musical Instruments > Wind & Woodwind > Band & Orchestral > Saxophones	Country/Region of Manufacture	Montenegro	0	1	SelectionOnly	Disabled	
16231	Musical Instruments > Wind & Woodwind > Band & Orchestral > Saxophones	Country/Region of Manufacture	Montserrat	0	1	SelectionOnly	Disabled	
16231	Musical Instruments > Wind & Woodwind > Band & Orchestral > Saxophones	Country/Region of Manufacture	Morocco	0	1	SelectionOnly	Disabled	
16231	Musical Instruments > Wind & Woodwind > Band & Orchestral > Saxophones	Country/Region of Manufacture	Mozambique	0	1	SelectionOnly	Disabled	
16231	Musical Instruments > Wind & Woodwind > Band & Orchestral > Saxophones	Country/Region of Manufacture	Namibia	0	1	SelectionOnly	Disabled	
16231	Musical Instruments > Wind & Woodwind > Band & Orchestral > Saxophones	Country/Region of Manufacture	Nauru	0	1	SelectionOnly	Disabled	
16231	Musical Instruments > Wind & Woodwind > Band & Orchestral > Saxophones	Country/Region of Manufacture	Nepal	0	1	SelectionOnly	Disabled	
16231	Musical Instruments > Wind & Woodwind > Band & Orchestral > Saxophones	Country/Region of Manufacture	Netherlands	0	1	SelectionOnly	Disabled	
16231	Musical Instruments > Wind & Woodwind > Band & Orchestral > Saxophones	Country/Region of Manufacture	Netherlands Antilles	0	1	SelectionOnly	Disabled	
16231	Musical Instruments > Wind & Woodwind > Band & Orchestral > Saxophones	Country/Region of Manufacture	New Caledonia	0	1	SelectionOnly	Disabled	
16231	Musical Instruments > Wind & Woodwind > Band & Orchestral > Saxophones	Country/Region of Manufacture	New Zealand	0	1	SelectionOnly	Disabled	
16231	Musical Instruments > Wind & Woodwind > Band & Orchestral > Saxophones	Country/Region of Manufacture	Nicaragua	0	1	SelectionOnly	Disabled	
16231	Musical Instruments > Wind & Woodwind > Band & Orchestral > Saxophones	Country/Region of Manufacture	Niger	0	1	SelectionOnly	Disabled	
16231	Musical Instruments > Wind & Woodwind > Band & Orchestral > Saxophones	Country/Region of Manufacture	Nigeria	0	1	SelectionOnly	Disabled	
16231	Musical Instruments > Wind & Woodwind > Band & Orchestral > Saxophones	Country/Region of Manufacture	Niue	0	1	SelectionOnly	Disabled	
16231	Musical Instruments > Wind & Woodwind > Band & Orchestral > Saxophones	Country/Region of Manufacture	Norfolk Island	0	1	SelectionOnly	Disabled	
16231	Musical Instruments > Wind & Woodwind > Band & Orchestral > Saxophones	Country/Region of Manufacture	Northern Mariana Islands	0	1	SelectionOnly	Disabled	
16231	Musical Instruments > Wind & Woodwind > Band & Orchestral > Saxophones	Country/Region of Manufacture	Norway	0	1	SelectionOnly	Disabled	
16231	Musical Instruments > Wind & Woodwind > Band & Orchestral > Saxophones	Country/Region of Manufacture	Oman	0	1	SelectionOnly	Disabled	
16231	Musical Instruments > Wind & Woodwind > Band & Orchestral > Saxophones	Country/Region of Manufacture	Pakistan	0	1	SelectionOnly	Disabled	
16231	Musical Instruments > Wind & Woodwind > Band & Orchestral > Saxophones	Country/Region of Manufacture	Palau	0	1	SelectionOnly	Disabled	
16231	Musical Instruments > Wind & Woodwind > Band & Orchestral > Saxophones	Country/Region of Manufacture	Palestinian Territories	0	1	SelectionOnly	Disabled	
16231	Musical Instruments > Wind & Woodwind > Band & Orchestral > Saxophones	Country/Region of Manufacture	Panama	0	1	SelectionOnly	Disabled	
16231	Musical Instruments > Wind & Woodwind > Band & Orchestral > Saxophones	Country/Region of Manufacture	Papua New Guinea	0	1	SelectionOnly	Disabled	
16231	Musical Instruments > Wind & Woodwind > Band & Orchestral > Saxophones	Country/Region of Manufacture	Paraguay	0	1	SelectionOnly	Disabled	
16231	Musical Instruments > Wind & Woodwind > Band & Orchestral > Saxophones	Country/Region of Manufacture	Peru	0	1	SelectionOnly	Disabled	
16231	Musical Instruments > Wind & Woodwind > Band & Orchestral > Saxophones	Country/Region of Manufacture	Philippines	0	1	SelectionOnly	Disabled	
16231	Musical Instruments > Wind & Woodwind > Band & Orchestral > Saxophones	Country/Region of Manufacture	Pitcairn	0	1	SelectionOnly	Disabled	
16231	Musical Instruments > Wind & Woodwind > Band & Orchestral > Saxophones	Country/Region of Manufacture	Poland	0	1	SelectionOnly	Disabled	
16231	Musical Instruments > Wind & Woodwind > Band & Orchestral > Saxophones	Country/Region of Manufacture	Portugal	0	1	SelectionOnly	Disabled	
16231	Musical Instruments > Wind & Woodwind > Band & Orchestral > Saxophones	Country/Region of Manufacture	Puerto Rico	0	1	SelectionOnly	Disabled	
16231	Musical Instruments > Wind & Woodwind > Band & Orchestral > Saxophones	Country/Region of Manufacture	Qatar	0	1	SelectionOnly	Disabled	
16231	Musical Instruments > Wind & Woodwind > Band & Orchestral > Saxophones	Country/Region of Manufacture	Reunion	0	1	SelectionOnly	Disabled	
16231	Musical Instruments > Wind & Woodwind > Band & Orchestral > Saxophones	Country/Region of Manufacture	Romania	0	1	SelectionOnly	Disabled	
16231	Musical Instruments > Wind & Woodwind > Band & Orchestral > Saxophones	Country/Region of Manufacture	Russian Federation	0	1	SelectionOnly	Disabled	
16231	Musical Instruments > Wind & Woodwind > Band & Orchestral > Saxophones	Country/Region of Manufacture	Rwanda	0	1	SelectionOnly	Disabled	
16231	Musical Instruments > Wind & Woodwind > Band & Orchestral > Saxophones	Country/Region of Manufacture	Saint Helena	0	1	SelectionOnly	Disabled	
16231	Musical Instruments > Wind & Woodwind > Band & Orchestral > Saxophones	Country/Region of Manufacture	Saint Kitts and Nevis	0	1	SelectionOnly	Disabled	
16231	Musical Instruments > Wind & Woodwind > Band & Orchestral > Saxophones	Country/Region of Manufacture	Saint Lucia	0	1	SelectionOnly	Disabled	
16231	Musical Instruments > Wind & Woodwind > Band & Orchestral > Saxophones	Country/Region of Manufacture	Saint Pierre and Miquelon	0	1	SelectionOnly	Disabled	
16231	Musical Instruments > Wind & Woodwind > Band & Orchestral > Saxophones	Country/Region of Manufacture	Saint Vincent and the Grenadines	0	1	SelectionOnly	Disabled	
16231	Musical Instruments > Wind & Woodwind > Band & Orchestral > Saxophones	Country/Region of Manufacture	Samoa	0	1	SelectionOnly	Disabled	
16231	Musical Instruments > Wind & Woodwind > Band & Orchestral > Saxophones	Country/Region of Manufacture	San Marino	0	1	SelectionOnly	Disabled	
16231	Musical Instruments > Wind & Woodwind > Band & Orchestral > Saxophones	Country/Region of Manufacture	Sao Tome and Principe	0	1	SelectionOnly	Disabled	
16231	Musical Instruments > Wind & Woodwind > Band & Orchestral > Saxophones	Country/Region of Manufacture	Saudi Arabia	0	1	SelectionOnly	Disabled	
16231	Musical Instruments > Wind & Woodwind > Band & Orchestral > Saxophones	Country/Region of Manufacture	Senegal	0	1	SelectionOnly	Disabled	
16231	Musical Instruments > Wind & Woodwind > Band & Orchestral > Saxophones	Country/Region of Manufacture	Serbia	0	1	SelectionOnly	Disabled	
16231	Musical Instruments > Wind & Woodwind > Band & Orchestral > Saxophones	Country/Region of Manufacture	Seychelles	0	1	SelectionOnly	Disabled	
16231	Musical Instruments > Wind & Woodwind > Band & Orchestral > Saxophones	Country/Region of Manufacture	Sierra Leone	0	1	SelectionOnly	Disabled	
16231	Musical Instruments > Wind & Woodwind > Band & Orchestral > Saxophones	Country/Region of Manufacture	Singapore	0	1	SelectionOnly	Disabled	
16231	Musical Instruments > Wind & Woodwind > Band & Orchestral > Saxophones	Country/Region of Manufacture	Slovakia	0	1	SelectionOnly	Disabled	
16231	Musical Instruments > Wind & Woodwind > Band & Orchestral > Saxophones	Country/Region of Manufacture	Slovenia	0	1	SelectionOnly	Disabled	
16231	Musical Instruments > Wind & Woodwind > Band & Orchestral > Saxophones	Country/Region of Manufacture	Solomon Islands	0	1	SelectionOnly	Disabled	
16231	Musical Instruments > Wind & Woodwind > Band & Orchestral > Saxophones	Country/Region of Manufacture	Somalia	0	1	SelectionOnly	Disabled	
16231	Musical Instruments > Wind & Woodwind > Band & Orchestral > Saxophones	Country/Region of Manufacture	South Africa	0	1	SelectionOnly	Disabled	
16231	Musical Instruments > Wind & Woodwind > Band & Orchestral > Saxophones	Country/Region of Manufacture	Spain	0	1	SelectionOnly	Disabled	
16231	Musical Instruments > Wind & Woodwind > Band & Orchestral > Saxophones	Country/Region of Manufacture	Sri Lanka	0	1	SelectionOnly	Disabled	
16231	Musical Instruments > Wind & Woodwind > Band & Orchestral > Saxophones	Country/Region of Manufacture	Suriname	0	1	SelectionOnly	Disabled	
16231	Musical Instruments > Wind & Woodwind > Band & Orchestral > Saxophones	Country/Region of Manufacture	Svalbard and Jan Mayen	0	1	SelectionOnly	Disabled	
16231	Musical Instruments > Wind & Woodwind > Band & Orchestral > Saxophones	Country/Region of Manufacture	Swaziland	0	1	SelectionOnly	Disabled	
16231	Musical Instruments > Wind & Woodwind > Band & Orchestral > Saxophones	Country/Region of Manufacture	Sweden	0	1	SelectionOnly	Disabled	
16231	Musical Instruments > Wind & Woodwind > Band & Orchestral > Saxophones	Country/Region of Manufacture	Switzerland	0	1	SelectionOnly	Disabled	
16231	Musical Instruments > Wind & Woodwind > Band & Orchestral > Saxophones	Country/Region of Manufacture	Taiwan	0	1	SelectionOnly	Disabled	
16231	Musical Instruments > Wind & Woodwind > Band & Orchestral > Saxophones	Country/Region of Manufacture	Tajikistan	0	1	SelectionOnly	Disabled	
16231	Musical Instruments > Wind & Woodwind > Band & Orchestral > Saxophones	Country/Region of Manufacture	Tanzania, United Republic of	0	1	SelectionOnly	Disabled	
16231	Musical Instruments > Wind & Woodwind > Band & Orchestral > Saxophones	Country/Region of Manufacture	Thailand	0	1	SelectionOnly	Disabled	
16231	Musical Instruments > Wind & Woodwind > Band & Orchestral > Saxophones	Country/Region of Manufacture	Togo	0	1	SelectionOnly	Disabled	
16231	Musical Instruments > Wind & Woodwind > Band & Orchestral > Saxophones	Country/Region of Manufacture	Tokelau	0	1	SelectionOnly	Disabled	
16231	Musical Instruments > Wind & Woodwind > Band & Orchestral > Saxophones	Country/Region of Manufacture	Tonga	0	1	SelectionOnly	Disabled	
16231	Musical Instruments > Wind & Woodwind > Band & Orchestral > Saxophones	Country/Region of Manufacture	Trinidad and Tobago	0	1	SelectionOnly	Disabled	
16231	Musical Instruments > Wind & Woodwind > Band & Orchestral > Saxophones	Country/Region of Manufacture	Tunisia	0	1	SelectionOnly	Disabled	
16231	Musical Instruments > Wind & Woodwind > Band & Orchestral > Saxophones	Country/Region of Manufacture	Turkey	0	1	SelectionOnly	Disabled	
16231	Musical Instruments > Wind & Woodwind > Band & Orchestral > Saxophones	Country/Region of Manufacture	Turkmenistan	0	1	SelectionOnly	Disabled	
16231	Musical Instruments > Wind & Woodwind > Band & Orchestral > Saxophones	Country/Region of Manufacture	Turks and Caicos Islands	0	1	SelectionOnly	Disabled	
16231	Musical Instruments > Wind & Woodwind > Band & Orchestral > Saxophones	Country/Region of Manufacture	Tuvalu	0	1	SelectionOnly	Disabled	
16231	Musical Instruments > Wind & Woodwind > Band & Orchestral > Saxophones	Country/Region of Manufacture	Uganda	0	1	SelectionOnly	Disabled	
16231	Musical Instruments > Wind & Woodwind > Band & Orchestral > Saxophones	Country/Region of Manufacture	Ukraine	0	1	SelectionOnly	Disabled	
16231	Musical Instruments > Wind & Woodwind > Band & Orchestral > Saxophones	Country/Region of Manufacture	United Arab Emirates	0	1	SelectionOnly	Disabled	
16231	Musical Instruments > Wind & Woodwind > Band & Orchestral > Saxophones	Country/Region of Manufacture	United Kingdom	0	1	SelectionOnly	Disabled	
16231	Musical Instruments > Wind & Woodwind > Band & Orchestral > Saxophones	Country/Region of Manufacture	United States	0	1	SelectionOnly	Disabled	
16231	Musical Instruments > Wind & Woodwind > Band & Orchestral > Saxophones	Country/Region of Manufacture	Uruguay	0	1	SelectionOnly	Disabled	
16231	Musical Instruments > Wind & Woodwind > Band & Orchestral > Saxophones	Country/Region of Manufacture	Uzbekistan	0	1	SelectionOnly	Disabled	
16231	Musical Instruments > Wind & Woodwind > Band & Orchestral > Saxophones	Country/Region of Manufacture	Vanuatu	0	1	SelectionOnly	Disabled	
16231	Musical Instruments > Wind & Woodwind > Band & Orchestral > Saxophones	Country/Region of Manufacture	Venezuela	0	1	SelectionOnly	Disabled	
16231	Musical Instruments > Wind & Woodwind > Band & Orchestral > Saxophones	Country/Region of Manufacture	Vietnam	0	1	SelectionOnly	Disabled	
16231	Musical Instruments > Wind & Woodwind > Band & Orchestral > Saxophones	Country/Region of Manufacture	Virgin Islands, British	0	1	SelectionOnly	Disabled	
16231	Musical Instruments > Wind & Woodwind > Band & Orchestral > Saxophones	Country/Region of Manufacture	Virgin Islands, U S	0	1	SelectionOnly	Disabled	
16231	Musical Instruments > Wind & Woodwind > Band & Orchestral > Saxophones	Country/Region of Manufacture	Wallis and Futuna	0	1	SelectionOnly	Disabled	
16231	Musical Instruments > Wind & Woodwind > Band & Orchestral > Saxophones	Country/Region of Manufacture	Yemen	0	1	SelectionOnly	Disabled	
16231	Musical Instruments > Wind & Woodwind > Band & Orchestral > Saxophones	Country/Region of Manufacture	Zambia	0	1	SelectionOnly	Disabled	
16231	Musical Instruments > Wind & Woodwind > Band & Orchestral > Saxophones	Country/Region of Manufacture	Zimbabwe	0	1	SelectionOnly	Disabled	
